Built,n,prop
3.3.0,72,0.241610738255034
3.3.1,1,0.00335570469798658
3.3.2,167,0.560402684563758
3.3.3,58,0.194630872483221
